,County,Precinct,G18GOVRNOE,G18GOVDSUT,G18GOVLEVA,G18ATGRRAV,G18ATGDSEI,G18SOSRBAR,G18SOSDFRE,G18TRERHAE,G18TREDMAT,G18AUDRSAT,G18AUDDCOO,G18PUCRFIE,G18PUCDFRE,G18SPLRBRU,G18SPLDHOU,G18HALRJOH,G18HALDBJO,G18HALLHEN,G18HALIWIE,COUNTYFP
0,AURORA,Precinct-1,165,102,6,177,91,199,67,184,71,195,65,192,69,181,74,180,77,2,11,003
1,AURORA,Precinct-2,90,54,4,105,40,110,33,100,35,99,38,106,30,101,33,94,46,0,7,003
2,AURORA,Precinct-3,168,215,9,188,182,219,141,189,153,208,138,217,129,189,144,199,165,2,19,003
3,AURORA,Precinct-5,78,93,2,83,81,103,64,86,72,103,59,111,53,90,69,90,57,2,18,003
4,AURORA,Precinct-7,143,143,8,149,127,199,86,157,106,170,100,181,89,173,92,165,98,5,23,003
5,BEADLE,Precinct 1,558,526,18,574,499,707,354,796,292,737,327,700,346,636,370,676,384,11,26,005
6,BEADLE,Precinct 2,253,284,5,265,243,314,197,371,154,329,178,297,202,284,200,308,203,9,10,005
7,BEADLE,Precinct 3,242,256,9,253,233,316,173,368,131,320,168,307,175,281,189,314,169,12,10,005
8,BEADLE,Precinct 7-1,373,318,14,373,289,448,213,511,178,463,190,424,223,400,228,446,220,9,23,005
9,BEADLE,Precinct 7-2,357,335,4,365,301,443,220,511,169,446,188,442,211,398,232,416,249,3,21,005
10,BEADLE,Precinct 8-1,298,258,10,298,249,366,177,419,139,368,169,361,171,322,197,362,181,5,12,005
11,BEADLE,Precinct 8-2,343,307,11,350,277,418,206,463,179,427,192,410,205,377,215,405,224,11,10,005
12,BEADLE,Precinct-12,405,380,14,213,476,3,543,588,186,564,195,522,218,479,241,502,244,11,26,005
13,BEADLE,Precinct-15,214,59,1,208,56,234,33,234,32,230,36,226,36,219,39,225,43,0,5,005
14,BEADLE,Precinct-17,139,109,8,143,91,176,65,188,57,173,68,169,63,152,73,171,66,3,8,005
15,BENNETT,Allen Precinct,48,180,3,54,166,62,160,51,165,54,161,49,167,55,165,66,139,6,8,007
16,BENNETT,Martin City Precinct,177,165,10,172,163,200,137,189,141,197,138,178,148,185,144,201,134,3,5,007
17,BENNETT,Martin Rural 26/27 Precinct,205,160,7,204,152,216,138,201,152,207,150,200,151,204,145,207,150,4,7,007
18,BENNETT,Vetal/Tuthill Precinct,123,18,6,122,19,130,11,122,17,123,17,124,12,124,13,130,15,1,1,007
19,BON HOMME,Precinct-1,308,214,11,328,188,390,116,343,144,360,132,378,113,362,123,366,150,6,8,009
20,BON HOMME,Precinct-2,222,255,6,264,189,337,118,301,134,315,123,317,126,301,134,316,145,7,14,009
21,BON HOMME,Precinct-3,246,400,8,312,310,385,225,324,256,341,260,348,232,327,244,350,262,11,16,009
22,BON HOMME,Precinct-4,185,292,2,223,228,241,194,208,201,232,181,232,187,214,192,240,212,3,14,009
23,BON HOMME,Precinct-5,342,247,9,377,196,428,144,405,144,410,150,408,141,402,145,402,171,8,10,009
24,BROOKINGS,1-1 Brookings Activity Center,537,968,25,583,859,714,730,670,701,696,698,763,640,733,671,683,745,36,45,011
25,BROOKINGS,1-10 Volga Community Center,467,422,24,532,329,622,240,527,292,574,249,630,218,585,223,573,284,19,28,011
26,BROOKINGS,1-11 Holy Life Tabernacle,374,447,13,422,360,480,291,446,285,453,283,506,263,478,272,494,301,17,17,011
27,BROOKINGS,1-2 Bethel Baptist Church,959,1109,37,1010,971,1256,727,1138,751,1162,755,1258,680,1226,710,1201,784,35,55,011
28,BROOKINGS,1-3 Swiftel Center,211,268,13,224,238,285,177,262,178,257,184,291,154,281,162,274,183,10,13,011
29,BROOKINGS,1-4 Aurora Little Hall,227,235,11,256,204,289,160,267,163,279,156,292,145,272,160,276,162,9,27,011
30,BROOKINGS,1-5 Elkton Community Center,210,125,3,198,123,246,76,229,86,241,75,242,74,229,82,245,73,5,12,011
31,BROOKINGS,1-6 McKnight Hall,276,185,7,296,146,333,110,300,120,307,111,331,108,298,121,329,119,7,10,011
32,BROOKINGS,1-7 Bruce City Hall,199,150,5,222,120,253,85,234,90,242,90,250,88,232,90,242,87,8,13,011
33,BROOKINGS,1-8 Trinity Lutheran Church,70,50,3,68,46,71,41,70,40,71,37,76,35,68,39,77,37,3,2,011
34,BROOKINGS,1-9 Sinai American Legion,100,58,4,106,49,126,30,112,39,119,32,127,27,124,31,119,37,2,6,011
35,BROOKINGS,Absentee Precinct,1595,2355,38,1781,2076,2069,1802,1904,1835,1983,1772,2086,1688,2051,1696,1905,1905,45,94,011
36,BROWN,Absentee ,1490,1812,41,1586,1646,2047,1222,1660,1472,1754,1392,1757,1400,1665,1436,1774,1464,22,48,013
37,BROWN,AmericInn Event Center,1157,1166,29,1210,1025,1604,657,1306,847,1385,789,1397,766,1285,831,1399,847,31,52,013
38,BROWN,Best Western Ramkota Hotel and Convention Center,1081,896,27,1116,804,1499,465,1242,592,1282,566,1278,579,1202,610,1313,599,33,34,013
39,BROWN,Claremont Fire Station,59,58,0,60,54,69,45,55,57,64,48,68,46,57,54,64,52,0,0,013
40,BROWN,Columbia American Legion,87,103,5,103,84,129,55,100,72,109,65,109,64,103,65,110,77,3,2,013
41,BROWN,Courthouse Community Room,949,1024,47,967,961,1346,617,1137,722,1153,722,1153,716,1060,753,1169,753,39,48,013
42,BROWN,Express Vote,1108,1344,31,1241,1199,1612,846,1415,995,1435,971,1490,936,1378,1017,1435,996,16,38,013
43,BROWN,Frederick Community Center,101,101,0,119,79,131,66,119,72,119,73,121,68,119,71,121,69,3,4,013
44,BROWN,Groton Community Center,348,360,12,347,315,472,206,366,256,384,241,431,215,389,240,429,268,5,9,013
45,BROWN,Hecla Community Center,76,84,1,77,77,93,61,77,66,78,64,82,64,70,64,90,65,0,4,013
46,BROWN,Stratford Communty Center,51,84,5,59,66,85,45,55,57,62,49,61,53,58,49,66,60,0,5,013
47,BROWN,Warner Community Center,219,213,5,198,218,287,125,230,155,254,140,249,146,231,150,266,157,3,8,013
48,BROWN,Westport Community Center,95,93,3,103,81,129,58,100,81,107,76,106,76,104,75,110,75,1,3,013
49,BRULE,Precinct-01,534,568,17,599,468,726,341,635,387,704,342,697,334,643,364,655,401,19,36,015
50,BRULE,Precinct-02,243,222,9,287,156,317,119,271,148,295,133,305,119,278,133,226,233,4,9,015
51,BRULE,Precinct-03,213,137,5,233,106,253,89,231,97,249,93,252,85,235,96,226,127,2,4,015
52,BRULE,Precinct-04,53,21,5,56,17,61,15,55,18,57,16,56,15,59,14,53,22,1,2,015
53,BRULE,Precinct-05,60,43,0,63,36,82,16,70,22,75,19,77,20,71,23,71,31,0,1,015
54,BUFFALO,Precinct-1,80,37,4,82,29,79,30,77,29,83,23,88,23,76,30,77,35,1,4,017
55,BUFFALO,Precinct-2,26,62,0,33,53,40,44,35,47,36,47,38,46,33,48,36,44,2,4,017
56,BUFFALO,Precinct-3,32,304,3,42,285,46,280,38,280,41,276,41,279,39,280,59,251,4,13,017
57,BUTTE,Precinct-06,36,9,0,38,4,38,4,38,2,38,2,37,3,43,1,36,4,2,2,019
58,BUTTE,"Precinct-08 (Precinct-13, Precinct-14)",321,134,9,349,96,383,64,355,72,367,72,350,76,388,59,355,82,4,12,019
59,BUTTE,Precinct-11,50,12,1,49,9,54,7,52,8,53,7,51,9,53,9,53,10,0,0,019
60,BUTTE,Precinct-12,68,21,0,70,19,77,12,76,12,74,13,75,12,76,12,72,15,0,2,019
61,BUTTE,Precinct-16,428,193,12,470,150,493,116,473,119,490,114,476,120,504,117,480,132,12,10,019
62,BUTTE,Precinct-17,229,90,8,243,76,266,59,261,55,254,65,246,63,262,55,253,60,8,6,019
63,BUTTE,Precinct-18,73,29,2,70,29,74,26,67,28,70,28,75,21,77,22,62,29,3,7,019
64,BUTTE,Precinct-20,131,91,4,139,78,155,62,145,65,143,69,147,60,175,44,148,58,4,14,019
65,BUTTE,Precinct-21,121,63,5,118,61,127,49,122,53,128,49,121,54,135,47,130,52,3,2,019
66,BUTTE,Precinct-22,96,59,3,94,59,105,47,97,52,98,52,101,49,110,45,107,43,3,5,019
67,BUTTE,Precinct-23,105,69,4,121,56,132,43,132,43,133,41,130,43,136,42,124,50,3,2,019
68,BUTTE,Precinct-24,191,104,1,196,94,210,78,203,82,206,82,203,80,204,82,213,76,3,5,019
69,BUTTE,Precinct-25,209,90,3,212,81,238,58,230,57,231,57,221,62,238,53,235,60,1,4,019
70,BUTTE,Precinct-26,129,76,7,139,63,153,50,150,51,143,54,144,52,150,54,151,47,8,6,019
71,BUTTE,Precinct-27,136,66,5,142,57,167,29,157,37,163,30,161,29,165,30,156,41,2,5,019
72,BUTTE,Precinct-28,182,128,5,215,92,236,75,225,80,233,69,226,74,237,70,224,77,3,8,019
73,CAMPBELL,Precinct-1,92,31,0,71,52,100,18,91,21,95,19,91,18,91,18,100,21,0,0,021
74,CAMPBELL,Precinct-2,103,28,3,92,43,116,17,113,18,112,19,113,18,113,17,115,15,3,1,021
75,CAMPBELL,Precinct-3,124,37,2,96,64,136,20,131,22,135,18,136,21,131,23,131,26,1,2,021
76,CAMPBELL,Precinct-4,107,41,1,100,48,133,14,120,21,126,18,123,18,123,22,122,21,3,2,021
77,CAMPBELL,Precinct-5,124,36,3,116,45,148,12,142,16,140,16,140,15,139,16,133,25,0,4,021
78,CHARLES MIX,Precinct-01,219,235,3,231,221,296,153,251,178,265,166,289,146,261,164,265,170,6,18,023
79,CHARLES MIX,Precinct-02,74,110,2,86,93,103,79,81,93,85,88,99,76,93,80,92,87,2,5,023
80,CHARLES MIX,Precinct-03,151,351,7,192,300,241,249,189,276,207,271,220,256,204,259,229,253,4,12,023
81,CHARLES MIX,Precinct-04,44,146,3,62,124,73,115,60,116,58,119,69,111,64,114,74,107,2,5,023
82,CHARLES MIX,Precinct-05,146,213,3,147,204,197,153,166,177,180,165,181,159,176,163,182,166,2,7,023
83,CHARLES MIX,Precinct-06,44,177,4,65,155,76,145,65,152,69,147,68,144,66,149,69,143,2,9,023
84,CHARLES MIX,Precinct-07,62,61,2,67,52,72,47,62,52,68,44,78,38,66,48,77,43,3,0,023
85,CHARLES MIX,Precinct-08,96,74,2,104,61,129,37,110,47,123,41,117,34,116,41,122,43,2,3,023
86,CHARLES MIX,Precinct-09,245,139,3,269,106,312,61,286,70,257,107,286,61,295,63,293,76,2,10,023
87,CHARLES MIX,Precinct-10,115,29,0,120,20,131,13,122,17,117,25,127,10,127,11,127,16,1,1,023
88,CHARLES MIX,Precinct-11,388,227,9,415,197,480,124,458,121,406,187,473,103,453,125,458,152,7,13,023
89,CHARLES MIX,Precinct-12,39,61,0,46,52,65,35,49,47,55,40,52,39,58,35,58,36,1,5,023
90,CHARLES MIX,Precinct-13,38,30,0,35,34,43,27,35,31,39,29,36,29,40,26,39,27,1,3,023
91,CLARK,Precinct-01,74,66,2,78,60,92,45,84,44,86,43,82,49,80,49,90,44,0,6,025
92,CLARK,Precinct-02,88,65,3,82,61,101,45,93,44,103,37,94,45,93,44,112,35,3,4,025
93,CLARK,Precinct-03,56,42,1,63,32,69,30,70,23,75,20,64,31,63,30,81,15,3,0,025
94,CLARK,Precinct-04,62,48,3,72,37,77,34,73,36,75,36,72,36,76,31,81,30,0,2,025
95,CLARK,Precinct-05,63,50,1,69,37,80,28,70,33,72,31,66,37,67,30,84,27,2,0,025
96,CLARK,Precinct-06,29,38,1,40,26,49,17,47,14,46,17,42,20,43,19,52,13,1,1,025
97,CLARK,Precinct-07,62,54,0,70,40,84,28,80,31,81,29,78,30,67,35,75,35,1,4,025
98,CLARK,Precinct-08,59,68,2,79,41,89,32,83,35,89,27,90,32,81,37,83,40,0,3,025
99,CLARK,Precinct-09,62,22,0,49,35,70,12,67,14,65,11,61,12,63,10,73,7,1,3,025
100,CLARK,Precinct-10,44,66,0,49,58,68,39,65,40,69,35,65,38,60,42,66,46,0,0,025
101,CLARK,Precinct-11,71,73,1,84,52,84,52,78,55,83,49,73,58,77,50,88,49,0,6,025
102,CLARK,Precinct-12,86,68,1,87,59,101,43,88,47,93,49,86,51,88,49,97,52,1,1,025
103,CLARK,Precinct-13,123,108,2,139,85,163,55,143,64,158,56,156,57,147,60,168,59,1,4,025
104,CLAY,Precinct-01,196,166,6,202,140,230,113,215,115,227,110,236,100,238,101,230,124,7,4,027
105,CLAY,Precinct-02,146,192,8,152,171,187,136,162,141,168,135,176,130,173,140,172,158,11,4,027
106,CLAY,Precinct-03,356,547,8,386,481,464,399,414,417,429,414,465,381,445,394,434,446,12,7,027
107,CLAY,Precinct-C1,46,283,5,60,266,76,245,73,243,77,242,78,239,78,235,72,250,3,4,027
108,CLAY,Precinct-C2,25,140,1,27,134,31,125,33,124,37,119,32,121,27,130,36,126,1,1,027
109,CLAY,Precinct-E1,86,183,1,100,162,111,146,96,146,106,141,119,126,92,151,109,145,7,5,027
110,CLAY,Precinct-E2,43,85,6,51,81,57,74,55,74,52,74,57,68,52,73,47,75,7,4,027
111,CLAY,Precinct-S1,238,488,7,236,461,315,377,277,394,291,385,302,366,286,380,294,422,4,11,027
112,CLAY,Precinct-S2,161,375,2,161,361,202,308,188,307,198,308,210,293,195,309,186,340,3,5,027
113,CLAY,Precinct-W1,148,357,4,173,321,199,282,191,283,193,282,204,269,181,286,183,303,6,14,027
114,CLAY,Precinct-W2,107,223,5,127,198,145,172,132,174,141,172,158,154,139,180,143,178,7,7,027
115,CODINGTON,"DEXTER (FULLER, FLORENCE)",177,158,4,182,137,205,104,176,111,191,103,195,110,179,110,221,107,4,4,029
116,CODINGTON,"EDEN, PHIPPS, WALLACE",67,51,0,61,48,69,37,65,41,67,37,63,36,64,37,84,35,1,1,029
117,CODINGTON,ELMIRA,131,105,3,134,92,168,62,152,68,156,64,152,67,151,65,152,71,5,3,029
118,CODINGTON,GERMANTOWN (RAUVILLE),107,96,6,119,76,131,67,119,66,130,60,123,67,112,72,121,74,4,7,029
119,CODINGTON,"GRACELAND, HENRY, HENRY",112,78,2,120,56,131,42,122,47,128,44,126,49,123,46,145,40,4,1,029
120,CODINGTON,KAMPESKA (RICHLAND),129,81,1,119,74,137,58,119,60,125,57,128,52,112,57,152,49,0,5,029
121,CODINGTON,"KRANZBURG, KRANZBURG",145,80,0,144,65,157,55,145,52,147,52,149,52,138,54,173,49,3,3,029
122,CODINGTON,LAKE (PELICAN),410,212,11,414,187,465,143,421,153,441,144,440,142,426,147,461,141,10,11,029
123,CODINGTON,"LEOLA, SOUTH SHORE",60,62,0,70,46,73,42,65,49,70,45,73,41,67,48,73,48,0,1,029
124,CODINGTON,Precinct-A1,557,371,9,554,339,662,232,611,252,628,234,638,228,604,235,678,240,5,8,029
125,CODINGTON,Precinct-A2,281,199,3,274,178,338,115,304,128,325,115,320,119,293,124,345,128,4,4,029
126,CODINGTON,Precinct-A3 (Precinct-A4),345,283,6,357,232,402,182,362,195,380,181,383,177,350,182,416,192,4,6,029
127,CODINGTON,"Precinct-B1 (Precinct-B4, Precinct-E5)",408,276,11,408,250,488,168,445,183,471,161,474,159,450,160,498,173,10,7,029
128,CODINGTON,Precinct-B2,342,411,13,367,363,438,282,411,284,431,268,441,268,389,291,440,286,11,19,029
129,CODINGTON,Precinct-B3 (Precinct-C1),306,247,8,320,216,373,161,335,175,353,166,355,163,332,164,388,163,6,4,029
130,CODINGTON,Precinct-C2 (Precinct-D4),144,175,5,153,161,174,135,151,142,165,133,176,123,147,141,188,124,4,7,029
131,CODINGTON,Precinct-C3 (Precinct-C4),315,388,8,325,340,379,286,338,301,354,289,375,276,331,292,391,278,12,15,029
132,CODINGTON,Precinct-D1,231,212,7,230,188,278,134,252,144,263,125,259,135,250,135,291,142,8,3,029
133,CODINGTON,Precinct-D2,200,195,6,199,181,227,151,205,155,215,147,213,147,196,162,245,139,4,8,029
134,CODINGTON,Precinct-D3,152,169,6,171,133,202,103,175,121,193,106,191,108,168,114,189,108,5,15,029
135,CODINGTON,Precinct-E1 (Precinct-E4),415,369,14,438,307,501,248,456,252,463,252,476,247,441,257,512,246,13,16,029
136,CODINGTON,Precinct-E2 (Precinct-E3),640,340,5,648,309,745,209,673,242,714,213,715,205,679,213,736,225,6,8,029
137,CODINGTON,SHERIDAN,134,87,1,140,68,158,46,142,56,154,47,154,43,148,45,162,50,1,2,029
138,CODINGTON,WAVERLY,57,52,2,66,39,74,29,63,35,67,33,66,37,63,31,68,36,1,2,029
139,CORSON,Bullhead Precinct,8,57,2,4,64,5,63,7,61,9,59,6,61,5,63,10,50,1,4,031
140,CORSON,Grand Valley Precinct,50,11,0,51,9,54,5,53,6,52,7,55,5,54,6,54,7,0,1,031
141,CORSON,Kenel Precinct,9,47,0,7,47,8,47,9,46,9,45,9,44,8,45,9,43,0,2,031
142,CORSON,Lincoln Precinct (Oak Creek Precinct),44,51,1,41,54,46,46,40,46,42,49,42,47,44,45,46,40,1,4,031
143,CORSON,Little Eagle Precinct,13,80,1,14,80,14,80,14,78,16,78,13,79,17,76,17,70,3,3,031
144,CORSON,McIntosh Precinct (South McIntosh Precinct),80,53,3,80,54,97,36,96,35,92,40,92,39,95,36,98,31,2,1,031
145,CORSON,McLaughlin Precinct,42,142,6,40,149,47,141,50,134,45,142,48,137,48,135,48,129,4,8,031
146,CORSON,Morristown Precinct,57,42,1,59,34,70,23,62,28,61,27,67,23,69,22,63,27,1,5,031
147,CORSON,Ridgeland Precinct,40,19,0,37,22,41,17,40,16,38,20,39,17,37,20,40,15,0,0,031
148,CORSON,Stone Church Precinct,56,18,0,57,16,65,6,61,7,62,7,61,8,63,6,66,8,0,0,031
149,CORSON,Wakpala Precinct,3,93,2,6,92,6,92,7,87,8,86,8,88,6,89,8,85,3,1,031
150,CORSON,West Rural McLaughlin Precinct,24,54,1,23,56,21,56,23,54,24,53,24,53,24,53,25,52,0,0,031
151,CUSTER,Precinct-01,590,254,9,612,225,656,174,633,188,646,176,637,172,650,173,633,187,9,16,033
152,CUSTER,Precinct-02,97,41,4,106,31,114,24,111,25,112,24,109,23,113,23,110,26,4,1,033
153,CUSTER,Precinct-03,97,70,4,96,69,107,60,105,58,101,64,105,60,103,61,99,56,2,10,033
154,CUSTER,Precinct-04,223,120,3,222,113,240,94,231,93,233,91,227,92,227,93,230,102,3,7,033
155,CUSTER,Precinct-05,369,226,20,399,200,421,170,399,176,405,171,412,162,402,173,387,199,11,13,033
156,CUSTER,Precinct-06,207,130,6,205,132,226,110,224,108,225,107,223,108,222,112,210,112,7,10,033
157,CUSTER,Precinct-07,118,76,9,130,69,137,61,127,68,133,63,129,60,133,63,125,65,3,8,033
158,CUSTER,Precinct-08,233,194,7,250,165,271,145,269,137,274,137,266,132,263,147,255,160,7,8,033
159,CUSTER,Precinct-09,763,402,11,774,382,830,326,803,320,812,320,790,320,796,327,796,342,14,25,033
160,CUSTER,Precinct-10,92,34,0,98,26,100,21,100,23,101,23,96,28,100,24,99,24,2,1,033
161,DAVISON,Precinct-01,143,114,1,140,103,186,54,159,62,183,49,185,49,151,68,177,64,1,14,035
162,DAVISON,Precinct-02,216,139,10,244,106,273,73,253,75,268,65,275,61,248,78,232,81,6,44,035
163,DAVISON,Precinct-03,400,243,9,401,220,485,134,431,155,464,132,459,138,440,143,466,152,5,27,035
164,DAVISON,Precinct-04 (Precinct-05),370,268,7,378,231,479,136,419,167,436,157,467,138,413,160,467,156,2,18,035
165,DAVISON,Precinct-06 (Precinct-07),456,367,4,455,323,584,204,509,230,552,205,570,189,512,211,624,190,1,8,035
166,DAVISON,Precinct-08 (Precinct-09),371,363,17,398,319,477,240,430,256,469,232,464,232,419,259,469,244,14,26,035
167,DAVISON,Precinct-10 (Precinct-11),358,399,9,389,335,491,226,436,251,462,240,464,236,428,250,468,265,2,21,035
168,DAVISON,Precinct-12 (Precinct-13),279,267,4,296,231,350,170,321,182,333,171,334,175,325,174,361,169,9,9,035
169,DAVISON,Precinct-14 (Precinct-16),270,308,11,278,286,341,219,311,223,312,234,339,204,299,232,328,229,8,23,035
170,DAVISON,Precinct-15,245,282,9,240,273,330,176,286,214,309,189,308,186,283,207,315,204,3,9,035
171,DAVISON,"Precinct-17 (Precinct-18, Precinct-19)",335,342,8,354,307,430,224,396,244,416,233,427,221,397,239,451,223,3,14,035
172,DAVISON,Precinct-20,336,306,8,352,269,443,173,391,206,417,188,428,177,389,200,449,183,7,9,035
173,DAY,Precinct-01,128,122,3,128,105,151,87,119,102,133,88,125,101,127,93,141,95,6,2,037
174,DAY,Precinct-02,112,143,4,115,126,150,88,140,94,142,89,134,94,132,97,153,91,3,6,037
175,DAY,Precinct-03,76,86,3,78,79,102,54,87,61,87,59,92,56,78,67,89,69,0,4,037
176,DAY,Precinct-04,86,101,2,77,92,124,47,98,58,112,47,98,56,94,62,110,65,4,2,037
177,DAY,Precinct-05,76,103,5,83,90,99,73,84,76,95,70,86,76,90,71,95,74,2,10,037
178,DAY,Precinct-06,106,160,0,105,148,136,123,120,124,127,122,120,124,120,121,139,113,2,7,037
179,DAY,Precinct-07,85,99,1,91,84,113,65,95,71,103,65,95,74,99,71,101,70,4,7,037
180,DAY,Precinct-08,56,77,2,56,73,74,59,65,62,69,59,66,62,59,63,77,53,2,2,037
181,DAY,Precinct-09,105,84,2,111,67,120,55,105,53,114,49,110,49,107,50,132,57,0,1,037
182,DAY,Precinct-10,42,46,2,44,44,55,32,53,33,56,31,53,33,56,32,54,34,1,1,037
183,DAY,Precinct-11,73,135,9,85,118,114,82,82,104,105,90,92,95,83,102,103,87,4,13,037
184,DAY,Precinct-12,78,131,3,89,114,107,95,92,101,98,96,102,91,100,96,111,91,4,4,037
185,DAY,Precinct-13,83,114,1,85,100,105,83,90,86,98,79,86,84,82,91,100,88,3,3,037
186,DAY,Precinct-14,101,130,2,111,102,136,80,118,84,124,80,126,75,118,79,136,85,1,6,037
187,DEUEL,Precinct-01,74,67,1,71,63,85,49,76,52,78,45,69,58,77,48,84,52,3,1,039
188,DEUEL,Precinct-03,177,97,3,176,93,197,69,179,81,184,75,198,60,176,72,199,69,4,7,039
189,DEUEL,Precinct-04,80,82,3,89,62,100,54,90,53,92,50,95,51,92,49,96,58,1,5,039
190,DEUEL,Precinct-05,69,100,2,78,87,98,70,96,63,97,67,102,64,87,69,101,69,1,1,039
191,DEUEL,Precinct-06,91,83,2,84,80,117,50,95,64,110,57,110,51,90,65,116,54,1,3,039
192,DEUEL,Precinct-07,90,71,4,90,60,101,41,95,45,99,42,106,41,96,45,100,50,4,7,039
193,DEUEL,Precinct-08,146,105,10,157,99,176,77,170,74,166,79,167,82,160,76,175,71,6,8,039
194,DEUEL,Precinct-09,146,118,8,154,104,200,58,174,76,183,69,187,69,170,69,183,76,3,5,039
195,DEUEL,Precinct-10,95,64,3,96,57,114,42,102,46,110,43,106,46,104,47,106,52,1,2,039
196,DEUEL,Precinct-11,85,106,7,107,82,112,74,100,87,111,73,112,73,114,71,112,73,3,7,039
197,DEWEY,Precinct-02 Trail City,33,6,0,30,7,35,3,34,3,36,2,33,3,35,2,36,3,0,0,041
198,DEWEY,Precinct-04 Timber Lake,158,178,8,162,170,223,102,207,103,206,107,200,110,199,112,217,106,2,9,041
199,DEWEY,Precinct-05 Firesteel,14,46,1,33,26,38,22,33,25,35,24,34,24,37,21,39,17,2,2,041
200,DEWEY,Precinct-06 Isabel,64,67,0,74,53,92,34,85,37,89,35,90,32,90,34,82,38,1,2,041
201,DEWEY,Precinct-07 Eagle Butte East,10,263,1,14,252,22,244,18,243,20,240,16,239,18,243,27,221,5,13,041
202,DEWEY,Precinct-08 White Horse,4,66,3,4,65,3,67,4,63,7,62,5,62,3,64,5,62,3,1,041
203,DEWEY,Precinct-09 Promise,18,48,0,20,42,27,35,25,36,22,41,23,38,22,41,25,34,1,4,041
204,DEWEY,Precinct-11 Swiftbird/LaPlant,7,97,0,11,89,16,84,11,86,12,86,10,88,11,84,16,81,0,3,041
205,DEWEY,Precinct-12 Eagle Butte North (Precinct-13 Eagle Butte North),31,233,1,54,200,72,179,56,195,64,189,66,184,63,186,67,180,3,10,041
206,DEWEY,Precinct-14 Eagle Butte South,24,286,2,41,265,59,245,44,254,46,255,45,255,45,252,57,231,7,11,041
207,DEWEY,Precinct-15 Eagle Butte West,30,140,2,47,123,55,115,50,119,60,108,58,109,55,114,52,111,3,4,041
208,DOUGLAS,Precinct-1,288,42,4,292,46,311,27,290,36,296,36,295,31,296,31,288,42,2,14,043
209,DOUGLAS,Precinct-2,204,87,4,208,73,246,36,217,54,224,43,233,40,227,44,227,53,0,8,043
210,DOUGLAS,Precinct-3,182,70,2,184,57,204,36,174,66,198,44,197,40,197,40,182,58,4,9,043
211,DOUGLAS,Precinct-4,192,106,1,189,94,229,47,208,63,224,56,221,51,206,58,203,72,5,14,043
212,DOUGLAS,Precinct-5,254,58,2,243,57,276,26,246,40,265,28,264,27,260,28,262,40,2,9,043
213,EDMUNDS,Precinct-1,258,154,5,256,149,308,99,274,115,292,101,289,101,268,119,286,116,3,10,045
214,EDMUNDS,Precinct-2,180,143,6,197,121,243,76,206,93,202,103,205,97,201,96,224,95,3,5,045
215,EDMUNDS,Precinct-3,167,95,2,161,79,189,54,169,61,172,57,176,55,161,61,181,66,1,7,045
216,EDMUNDS,Precinct-4,123,99,0,109,95,148,58,124,74,124,70,124,68,125,70,125,87,1,3,045
217,EDMUNDS,Precinct-5,211,118,3,213,109,272,47,242,67,246,63,245,64,240,68,239,78,3,9,045
218,EDMUNDS,Precinct-6,79,62,3,80,54,98,38,85,41,88,41,96,31,83,43,92,46,3,2,045
219,FALL RIVER,BEA,93,31,4,100,29,115,12,110,15,110,14,112,14,111,15,106,10,7,3,047
220,FALL RIVER,CAS,121,43,1,120,40,127,35,128,30,130,29,126,31,126,31,123,31,6,3,047
221,FALL RIVER,EDA,319,118,10,321,114,343,96,311,111,320,108,317,104,318,111,334,84,14,12,047
222,FALL RIVER,HS 1,218,129,11,208,140,224,121,223,116,214,123,209,120,212,126,207,125,14,10,047
223,FALL RIVER,HS 2,230,153,6,229,157,255,122,245,130,248,128,239,130,244,132,240,137,5,8,047
224,FALL RIVER,HS 3,203,162,10,204,165,230,136,220,141,226,136,222,136,215,143,214,141,7,14,047
225,FALL RIVER,HS 4,163,139,6,169,121,179,113,182,103,181,105,178,104,174,108,171,110,8,16,047
226,FALL RIVER,JAC,564,243,17,561,256,601,200,585,205,594,203,575,209,576,213,585,220,5,15,047
227,FALL RIVER,Oelrichs Area,148,47,3,157,36,167,22,162,25,162,25,165,23,167,22,169,24,3,2,047
228,FAULK,Precinct-1,114,69,2,129,43,134,40,125,40,122,44,124,43,123,43,124,52,2,2,049
229,FAULK,Precinct-2,82,30,0,88,18,95,10,85,14,93,11,86,12,90,11,86,18,2,3,049
230,FAULK,Precinct-3,80,36,0,86,29,99,18,89,23,89,26,91,19,92,20,91,23,2,2,049
231,FAULK,Precinct-4,71,26,1,68,28,78,19,71,23,72,22,72,21,73,20,75,20,1,1,049
232,FAULK,Precinct-5,60,37,0,69,20,73,20,67,21,71,19,70,19,68,20,71,25,0,0,049
233,FAULK,Precinct-6,133,81,3,163,52,169,43,155,48,166,42,166,38,152,49,163,46,3,2,049
234,FAULK,Precinct-7,134,109,7,156,77,189,51,170,56,170,64,166,56,162,61,170,71,5,5,049
235,GRANT,Precinct-11,149,117,9,166,94,180,76,168,81,176,76,164,82,166,80,180,72,8,9,051
236,GRANT,Precinct-12,32,29,1,42,18,42,19,42,19,45,17,46,15,41,19,44,15,1,1,051
237,GRANT,Precinct-21,47,40,5,59,31,63,21,57,27,59,23,59,25,61,22,57,26,7,1,051
238,GRANT,Precinct-22,188,162,4,197,131,225,105,209,107,216,106,224,101,205,110,227,108,8,8,051
239,GRANT,Precinct-31,27,28,2,35,21,38,18,29,26,34,22,35,19,32,22,33,22,0,2,051
240,GRANT,Precinct-32,54,39,0,59,30,62,27,57,28,59,26,56,28,54,27,60,31,2,0,051
241,GRANT,Precinct-33,200,167,2,209,142,254,98,228,114,236,106,241,100,229,111,243,115,2,3,051
242,GRANT,Precinct-41,106,116,5,109,103,122,90,105,98,116,85,112,92,108,91,126,89,3,7,051
243,GRANT,Precinct-42,167,102,1,167,89,187,66,175,70,182,67,186,68,173,70,185,70,2,8,051
244,GRANT,Precinct-43,218,127,7,216,121,241,93,226,102,230,95,229,99,226,99,237,104,3,6,051
245,GRANT,Precinct-44,76,44,0,72,41,85,28,78,32,82,25,78,33,74,29,82,33,1,2,051
246,GRANT,Precinct-45,71,84,5,82,61,96,48,82,55,92,46,88,49,84,53,99,48,6,4,051
247,GRANT,Precinct-46,107,90,0,117,74,138,52,119,67,127,55,129,62,120,64,131,59,3,5,051
248,GRANT,Precinct-47,128,77,1,142,53,159,37,145,41,145,46,155,30,146,42,167,36,1,1,051
249,GRANT,Precinct-49,58,40,2,62,32,62,32,59,28,65,25,66,24,61,27,67,28,4,0,051
250,GRANT,Precinct-52,37,31,4,38,30,45,22,43,21,42,22,44,23,42,22,48,17,5,2,051
251,GRANT,Precinct-53,28,19,0,27,17,31,14,28,14,28,12,30,11,29,13,31,15,0,1,051
252,GRANT,Precinct-54,87,76,4,91,68,104,54,91,57,102,50,95,58,94,57,104,57,4,3,051
253,GREGORY,Precinct-1,513,457,8,571,354,699,224,613,286,653,258,637,257,617,272,699,254,3,17,053
254,GREGORY,Precinct-2,356,446,8,436,317,561,203,489,252,507,236,515,218,488,250,521,240,8,18,053
255,GREGORY,Precinct-3,238,126,1,232,106,258,78,228,86,246,85,230,78,234,79,264,92,2,4,053
256,HAAKON,Precinct-01,62,27,2,74,16,83,8,78,10,73,14,79,7,82,6,73,13,5,0,055
257,HAAKON,Precinct-04,103,23,1,107,17,119,8,114,8,114,7,113,11,114,7,111,12,2,2,055
258,HAAKON,Precinct-16,154,27,4,146,30,162,21,155,19,159,18,152,23,156,19,164,18,2,3,055
259,HAAKON,Precinct-17,136,42,4,137,39,158,20,146,26,148,24,147,24,148,21,147,29,2,2,055
260,HAAKON,Precinct-19,143,44,2,141,45,158,24,151,29,154,26,155,26,156,28,155,26,2,3,055
261,HAAKON,Precinct-20,136,33,2,137,29,152,13,142,18,144,19,142,14,148,11,146,19,0,4,055
262,HAMLIN,Precinct-02,104,33,0,111,24,123,14,118,15,123,12,116,19,112,21,117,22,0,0,057
263,HAMLIN,Precinct-21,430,270,4,425,235,480,167,451,187,469,166,463,177,448,176,464,211,7,12,057
264,HAMLIN,Precinct-22,109,16,3,108,16,113,11,107,12,107,12,105,10,106,12,110,15,3,0,057
265,HAMLIN,Precinct-23,188,101,4,202,75,217,61,218,56,220,55,217,55,204,66,218,67,3,3,057
266,HAMLIN,Precinct-24,429,191,5,440,166,470,143,443,143,452,144,450,142,446,135,451,154,6,12,057
267,HAMLIN,Precinct-25,221,237,9,226,209,286,154,260,161,267,159,275,152,260,155,267,175,5,15,057
268,HAMLIN,Precinct-26,283,75,4,297,56,320,31,292,38,307,35,292,44,289,43,312,51,3,5,057
269,HAND,Precinct-01 (Precinct-03),148,50,3,154,43,168,28,167,24,161,29,165,26,154,39,160,35,1,7,059
270,HAND,Precinct-02,49,27,1,49,26,57,16,51,22,56,19,55,19,57,18,61,14,1,2,059
271,HAND,Precinct-05 (Precinct-08),75,64,7,92,47,117,22,111,23,118,21,101,28,100,32,98,38,1,4,059
272,HAND,Precinct-06 (Precinct-04),124,96,6,131,81,150,66,155,61,149,61,151,63,138,64,149,62,3,7,059
273,HAND,Precinct-07,58,60,0,60,48,73,33,82,31,74,32,70,39,64,42,71,41,0,4,059
274,HAND,Precinct-09 (Precinct-10),103,27,2,106,22,120,10,117,11,115,12,109,14,111,14,112,17,2,2,059
275,HAND,Precinct-11,174,172,4,196,141,248,90,254,83,246,88,227,98,209,114,237,107,2,3,059
276,HAND,Precinct-12,219,187,6,236,157,295,102,306,85,282,107,285,93,263,113,283,115,5,5,059
277,HANSON,Precinct-1,358,216,8,371,198,397,165,363,183,366,183,378,165,359,180,354,220,1,8,061
278,HANSON,Precinct-2,176,185,2,187,151,225,110,199,123,207,114,227,105,204,116,200,149,3,5,061
279,HANSON,Precinct-3,145,124,3,150,101,179,65,167,64,171,66,174,60,154,73,170,86,0,11,061
280,HANSON,Precinct-4,185,79,5,185,75,223,38,200,49,209,40,207,44,195,50,208,51,3,5,061
281,HANSON,Precinct-5,81,43,0,86,32,95,21,86,27,86,27,92,21,85,26,90,30,0,2,061
282,HARDING,Precinct-01,107,34,1,110,25,123,15,112,20,115,18,115,17,119,17,113,23,4,2,063
283,HARDING,Precinct-02,54,49,1,66,30,85,14,77,18,79,14,78,19,89,12,73,26,2,2,063
284,HARDING,Precinct-03,40,8,0,40,6,43,4,38,6,40,5,39,6,41,4,40,6,2,0,063
285,HARDING,Precinct-05,72,33,1,79,21,93,7,89,10,91,8,91,10,92,12,90,12,0,2,063
286,HARDING,Precinct-06,25,8,1,33,1,32,2,34,0,32,1,32,1,31,2,32,1,0,1,063
287,HARDING,Precinct-07,59,17,1,68,8,71,6,67,9,72,5,69,8,69,8,64,11,1,1,063
288,HARDING,Precinct-08,48,12,0,49,9,53,5,52,6,52,6,51,6,53,5,52,6,0,1,063
289,HARDING,Precinct-09,100,13,2,105,10,112,3,106,6,104,9,109,5,112,3,104,9,0,2,063
290,HUGHES,Absentee Precinct,820,1015,12,819,994,1239,565,1098,628,1224,558,1154,573,1134,591,1124,668,14,34,065
291,HUGHES,Blunt City Hall,116,63,5,115,62,138,37,132,41,138,38,128,42,130,42,130,47,1,5,065
292,HUGHES,Faith Lutheran Church,883,1003,36,818,1060,1477,408,1313,479,1422,422,1353,444,1342,444,1324,517,34,40,065
293,HUGHES,Harrold City Auditorium,76,20,0,63,28,80,14,73,15,80,14,74,15,75,13,75,11,1,6,065
294,HUGHES,Hyde Residence,33,51,1,37,46,46,38,39,39,39,41,41,39,39,39,41,42,0,0,065
295,HUGHES,Lutheran Memorial Church,539,764,18,477,809,947,342,849,389,923,351,887,356,872,368,870,400,11,31,065
296,HUGHES,New Life Assembly of God Church,967,839,29,881,912,1431,362,1271,450,1380,381,1324,404,1264,435,1344,423,19,34,065
297,HUGHES,PILC Rec Center,315,389,13,307,393,502,197,446,234,506,194,472,217,448,226,458,224,5,25,065
298,HUTCHINSON,Precinct-01,472,199,10,471,181,533,115,490,134,499,121,512,115,486,131,477,176,7,13,067
299,HUTCHINSON,Precinct-02,457,250,5,458,218,518,155,472,175,483,166,502,158,468,178,435,250,9,12,067
300,HUTCHINSON,Precinct-03,97,32,1,95,32,101,20,96,23,99,24,92,25,91,26,86,41,0,3,067
301,HUTCHINSON,Precinct-04,313,195,3,273,224,390,97,350,123,346,120,388,89,349,113,382,113,1,11,067
302,HUTCHINSON,Precinct-05,350,305,6,363,268,456,168,393,202,415,187,466,145,400,192,436,194,6,23,067
303,HUTCHINSON,Precinct-06,255,133,2,274,106,317,61,274,95,308,60,310,62,301,66,303,71,2,13,067
304,HUTCHINSON,Precinct-07,138,66,1,151,50,175,24,159,30,164,23,164,26,158,25,162,38,0,6,067
305,HYDE,Hyde County Memorial Auditorium - Main Arena,407,248,5,412,231,496,151,467,156,490,149,477,149,456,172,462,164,8,19,069
306,JACKSON,Precinct-1,30,2,0,30,3,30,3,28,4,28,4,28,3,28,4,31,2,0,0,071
307,JACKSON,Precinct-2,73,23,0,68,20,72,17,71,16,67,18,71,15,74,16,78,16,0,1,071
308,JACKSON,Precinct-3,146,64,4,149,52,172,28,161,32,167,33,164,31,168,27,154,46,2,4,071
309,JACKSON,Precinct-4,77,47,4,85,40,101,23,98,25,98,22,97,24,99,23,94,24,1,7,071
310,JACKSON,Precinct-5,47,20,4,60,9,62,7,62,7,59,8,60,8,60,10,56,13,1,1,071
311,JACKSON,Precinct-6,62,41,3,68,36,75,28,67,34,70,31,69,32,70,32,73,29,1,0,071
312,JACKSON,Precinct-7,46,211,4,39,218,44,214,43,208,42,208,39,214,43,211,48,204,2,5,071
313,JACKSON,Precinct-8,32,46,1,32,47,47,32,36,41,37,39,46,29,38,40,41,36,0,2,071
314,JERAULD,Precinct-1,217,225,6,219,205,278,140,277,145,275,140,275,141,249,160,264,164,3,11,073
315,JERAULD,Precinct-2,90,59,0,80,62,106,37,106,34,103,37,106,37,98,40,94,47,2,1,073
316,JERAULD,Precinct-3,75,55,3,73,49,91,37,98,26,94,31,75,43,73,45,90,37,2,3,073
317,JERAULD,Precinct-4,41,42,0,44,33,52,27,47,30,48,26,49,26,41,33,48,31,0,1,073
318,JERAULD,Precinct-5,55,52,3,59,43,72,28,67,31,67,30,65,30,61,32,71,33,1,4,073
319,JONES,Precinct-1,130,64,7,142,47,153,35,150,34,151,36,157,30,149,33,155,33,5,7,075
320,JONES,Precinct-3,110,69,5,130,46,152,29,138,30,145,25,139,32,142,25,137,35,4,8,075
321,JONES,Precinct-5,121,40,0,118,37,134,22,126,27,132,22,128,23,123,28,128,26,2,2,075
322,KINGSBURY,Arlington Precinct,263,283,11,295,224,330,193,306,203,323,184,334,186,316,187,303,226,12,7,077
323,KINGSBURY,Badger Precinct,144,112,8,163,88,183,66,163,74,172,72,167,75,162,74,180,79,2,4,077
324,KINGSBURY,De Smet Precinct,437,398,11,478,335,574,237,545,241,554,242,538,247,540,233,517,304,7,12,077
325,KINGSBURY,Iroquois Precinct,113,77,4,117,69,128,58,145,41,128,56,130,52,127,53,124,61,1,5,077
326,KINGSBURY,Lake Preston Precinct,233,162,6,230,150,277,104,257,107,268,98,246,121,239,115,260,124,2,11,077
327,KINGSBURY,Oldham Precinct,113,79,1,111,71,126,56,122,56,127,53,125,50,123,55,123,61,2,5,077
328,LAKE,Chester-Franklin,248,199,2,262,172,316,110,285,125,289,124,324,100,280,122,287,148,5,6,079
329,LAKE,Concord-Badus-Wayne/Ramona,119,116,2,141,77,167,54,135,72,151,58,172,43,144,63,143,84,2,5,079
330,LAKE,Farmington-Leroy-Clarno-Orland,178,129,5,191,110,226,69,204,81,225,70,231,63,202,82,214,91,3,5,079
331,LAKE,Herman-Winfred,213,220,5,235,183,297,121,255,142,282,127,303,112,262,140,269,152,4,9,079
332,LAKE,Lakeview,255,219,2,273,188,320,138,287,158,306,143,352,116,287,147,314,160,1,5,079
333,LAKE,Nunda-Summit,106,78,1,122,56,142,35,133,38,132,38,145,29,133,38,127,51,1,5,079
334,LAKE,Ward One,647,766,16,674,694,857,500,777,540,836,492,899,449,781,527,828,560,7,24,079
335,LAKE,Ward Three,258,330,7,282,287,360,212,299,244,339,210,355,191,296,237,324,248,8,9,079
336,LAKE,Ward Two,235,405,11,290,320,356,243,306,273,344,246,386,213,305,267,334,279,8,18,079
337,LAKE,Wentworth-Rutland,224,207,4,263,155,290,123,261,133,281,127,300,104,263,130,270,152,3,7,079
338,LAWRENCE,Absentee Precinct,2323,1958,66,2407,1824,2695,1543,2601,1571,2682,1496,2614,1529,2624,1538,2600,1582,50,91,081
339,LAWRENCE,Precinct-01,381,414,16,399,372,465,301,461,287,482,272,458,279,448,294,468,292,25,23,081
340,LAWRENCE,Precinct-02,509,372,21,521,341,591,277,573,272,582,277,578,275,565,275,588,265,23,22,081
341,LAWRENCE,Precinct-03,602,476,22,634,424,709,356,688,340,712,323,687,338,689,350,710,338,23,26,081
342,LAWRENCE,Precinct-04,331,336,35,375,303,416,255,384,268,413,246,395,243,384,260,405,245,18,26,081
343,LAWRENCE,Precinct-05,129,168,14,142,164,173,125,171,122,180,116,172,123,166,128,165,118,12,14,081
344,LAWRENCE,Precinct-06,101,61,7,105,59,102,60,106,58,106,56,107,53,103,57,99,50,6,13,081
345,LAWRENCE,Precinct-07,254,184,10,267,164,291,142,281,143,293,131,288,133,281,139,290,135,9,15,081
346,LAWRENCE,Precinct-08,82,56,7,104,37,111,29,104,33,113,28,109,29,116,27,110,28,6,0,081
347,LAWRENCE,Precinct-09,395,179,14,407,168,440,131,437,127,444,121,442,120,441,122,440,113,18,16,081
348,LAWRENCE,Precinct-10,877,471,27,899,419,999,333,960,333,983,311,977,311,970,336,993,323,26,25,081
349,LINCOLN,"02-Norway & Fairview, Fairview, Inc",136,92,3,147,78,161,63,165,55,165,57,166,58,155,68,156,66,5,3,083
350,LINCOLN,06-Highland & Canton,265,150,5,269,138,313,96,283,108,301,92,299,90,277,113,294,111,5,8,083
351,LINCOLN,08-Lincoln & Delaware,125,83,0,123,80,146,53,131,63,140,54,146,50,134,59,136,66,2,4,083
352,LINCOLN,11-Grant,121,85,2,119,78,140,55,125,66,135,57,137,59,125,65,137,61,1,3,083
353,LINCOLN,12-Dayton,229,125,3,239,107,271,75,243,88,269,74,275,65,249,82,254,86,4,9,083
354,LINCOLN,13-LaValley,168,104,3,174,92,204,60,187,69,196,62,201,57,184,70,195,67,7,6,083
355,LINCOLN,14-Perry,228,157,2,237,138,281,94,243,112,262,102,276,90,245,106,249,117,5,13,083
356,LINCOLN,15-Springdale,609,386,9,627,338,734,237,678,253,714,230,720,231,675,256,698,288,10,9,083
357,LINCOLN,16-Delapre,555,300,9,562,271,636,198,594,216,613,203,654,170,590,209,602,234,10,16,083
358,LINCOLN,"20-Canton 1, 2, 3",403,392,4,403,343,509,242,460,257,484,240,500,223,443,273,489,274,11,17,083
359,LINCOLN,21-Hudson & Eden,118,96,3,126,85,133,75,134,71,135,70,137,70,131,75,128,72,4,10,083
360,LINCOLN,23-Worthing & Lynn,261,219,15,293,181,328,151,303,160,316,148,325,136,296,159,305,156,13,17,083
361,LINCOLN,24-Tea,834,728,16,866,627,1047,439,949,489,995,455,1075,398,939,483,1034,468,28,30,083
362,LINCOLN,25-Lennox,485,407,16,498,343,575,268,517,292,549,257,586,233,503,291,563,292,23,18,083
363,LINCOLN,"26-Brooklyn & Pleasant, Beresford",241,162,3,248,143,284,97,269,107,273,104,283,104,267,121,274,122,2,8,083
364,LINCOLN,27-Harrisburg 1,385,390,13,407,344,478,273,439,282,485,257,497,234,449,273,458,289,19,14,083
365,LINCOLN,29-Harrisburg 2,515,501,7,533,437,641,314,589,328,642,300,659,276,588,309,614,360,16,22,083
366,LINCOLN,30-Canton 4 & 5,183,235,8,199,193,247,149,226,154,249,137,246,139,209,167,238,165,8,7,083
367,LINCOLN,Sioux Falls 1-11,846,567,8,831,536,1017,357,933,389,977,372,1018,335,927,386,971,425,9,10,083
368,LINCOLN,Sioux Falls 1-12,569,618,8,561,567,701,420,639,440,674,427,703,398,622,442,676,468,24,14,083
369,LINCOLN,Sioux Falls 1-13,238,338,4,269,284,312,238,283,245,301,238,322,221,276,251,291,264,11,11,083
370,LINCOLN,Sioux Falls 1-14,347,394,7,368,342,436,270,402,282,407,279,452,243,392,295,424,299,11,12,083
371,LINCOLN,Sioux Falls 1-15,306,463,7,322,411,394,344,356,358,363,357,403,314,345,359,383,372,8,5,083
372,LINCOLN,Sioux Falls 1-16,246,305,4,256,278,301,228,278,236,284,239,309,209,278,231,279,242,17,9,083
373,LINCOLN,Sioux Falls 1-18,620,449,6,582,435,721,297,653,320,696,301,747,252,646,323,728,317,8,16,083
374,LINCOLN,Sioux Falls 2-10,881,630,5,829,630,1038,432,966,451,998,429,1051,381,944,448,1001,489,10,16,083
375,LINCOLN,Sioux Falls 2-11,942,793,8,910,779,1141,535,1041,571,1097,539,1148,497,1028,567,1110,592,18,11,083
376,LINCOLN,Sioux Falls 2-12,368,375,7,384,335,449,268,415,272,427,273,448,242,397,275,439,286,8,8,083
377,LINCOLN,Sioux Falls 2-13,1103,1113,13,1088,1035,1333,783,1225,813,1304,764,1348,722,1195,804,1262,890,26,22,083
378,LINCOLN,Sioux Falls 2-15,567,452,5,555,423,712,257,653,287,698,253,715,227,639,278,661,328,16,3,083
379,LYMAN,Precinct-01,41,34,1,48,26,54,20,48,21,51,20,47,20,50,17,47,21,4,2,085
380,LYMAN,Precinct-04,167,136,9,191,113,208,95,188,102,200,97,202,90,192,101,185,112,3,9,085
381,LYMAN,Precinct-06,65,56,4,71,48,81,42,79,41,86,36,81,38,80,39,80,38,1,6,085
382,LYMAN,Precinct-07,11,179,1,21,163,19,167,19,160,16,163,22,160,19,161,22,160,2,3,085
383,LYMAN,Precinct-09,148,86,5,159,60,197,30,177,33,185,30,187,30,175,33,181,44,3,6,085
384,LYMAN,Precinct-12,201,149,6,221,113,274,69,243,86,256,73,255,74,247,80,239,103,8,3,085
385,LYMAN,Precinct-13,58,42,1,69,27,82,14,70,16,79,14,71,17,73,17,76,22,0,3,085
386,MARSHALL,Precinct-A1,109,125,5,108,117,132,91,114,96,125,93,115,96,113,96,131,97,4,4,091
387,MARSHALL,Precinct-A2,63,108,2,63,95,79,82,71,84,72,88,72,83,66,88,76,88,2,2,091
388,MARSHALL,Precinct-A3,112,141,7,119,127,157,92,118,110,135,98,124,108,125,100,147,101,2,1,091
389,MARSHALL,Precinct-A4,100,155,3,104,138,128,115,111,122,112,120,114,118,113,119,129,116,5,5,091
390,MARSHALL,Precinct-A5,70,92,3,73,86,86,73,79,79,76,79,77,75,76,75,80,76,3,4,091
391,MARSHALL,Precinct-A6,156,141,4,150,145,177,112,160,121,168,112,168,118,166,115,171,119,4,4,091
392,MARSHALL,Precinct-A7,87,98,1,87,85,99,78,79,86,100,70,84,78,86,77,99,84,1,2,091
393,MARSHALL,Precinct-A8,70,124,1,72,109,96,80,75,96,93,80,78,93,82,87,87,99,1,6,091
394,MARSHALL,Precinct-A9,86,109,5,86,104,115,71,97,80,109,70,106,78,113,68,104,80,6,5,091
395,MCCOOK,Precinct-01,243,231,7,260,200,302,157,260,176,277,167,302,145,265,166,247,214,3,11,087
396,MCCOOK,Precinct-02,65,72,4,69,68,89,45,75,52,81,48,86,44,74,53,75,59,1,6,087
397,MCCOOK,Precinct-03,294,220,12,294,204,356,135,321,150,357,116,367,121,320,144,262,255,4,8,087
398,MCCOOK,Precinct-04,312,121,6,296,115,342,69,316,80,329,75,322,75,317,75,264,166,2,3,087
399,MCCOOK,Precinct-05,284,300,6,303,249,371,186,322,204,346,187,358,179,328,193,329,242,8,7,087
400,MCCOOK,Precinct-06,177,139,4,198,111,233,74,198,92,217,82,235,62,205,83,196,111,2,9,087
401,MCPHERSON,Precinct-1,134,53,3,149,36,155,31,142,45,149,38,146,39,148,40,148,35,3,1,089
402,MCPHERSON,Precinct-2,150,69,4,162,54,184,35,170,44,173,43,167,43,168,43,161,52,2,5,089
403,MCPHERSON,Precinct-3,34,5,0,32,7,34,5,34,5,36,2,32,5,35,4,31,8,0,1,089
404,MCPHERSON,Precinct-4,144,62,2,147,52,173,30,161,32,166,30,163,32,157,38,161,41,1,5,089
405,MCPHERSON,Precinct-5,146,55,4,152,49,176,25,168,24,165,28,165,26,163,31,157,37,6,3,089
406,MCPHERSON,Precinct-6,121,65,3,129,53,154,30,138,35,142,35,143,32,139,34,140,43,2,4,089
407,MEADE,ALKALI #6A,82,49,1,85,39,97,27,93,24,87,29,89,29,103,22,94,26,3,3,093
408,MEADE,BASE #23,131,97,3,130,96,133,91,131,92,132,90,132,94,138,89,132,87,6,5,093
409,MEADE,BEAR BUTTE #9,97,41,4,107,27,117,24,112,21,114,20,116,19,117,20,101,26,7,6,093
410,MEADE,BLACK HAWK #14,304,177,20,322,157,339,141,336,135,330,141,336,135,331,136,330,132,15,18,093
411,MEADE,CENTRAL BLACK HAWK #19,284,159,13,297,137,304,130,299,119,298,119,295,121,298,125,303,127,10,9,093
412,MEADE,CENTRAL STURGIS #3,99,99,3,104,85,124,67,124,61,117,67,118,70,123,64,119,65,4,10,093
413,MEADE,CHALK BUTTE #27,82,36,3,85,26,92,18,79,21,85,18,89,16,100,15,99,17,3,1,093
414,MEADE,EAST PIEDMONT #12,563,220,8,570,193,597,168,587,161,590,159,604,150,591,161,605,163,5,16,093
415,MEADE,EAST STURGIS #1,120,84,5,124,80,145,59,137,57,142,57,146,53,144,55,144,53,3,6,093
416,MEADE,ELK VALE #21,216,87,9,213,89,231,74,228,62,220,68,225,66,228,63,224,68,10,10,093
417,MEADE,ELM SPRINGS #18,58,21,3,64,12,67,9,63,9,65,7,65,8,69,6,65,11,3,2,093
418,MEADE,FAIRPOINT #29,22,6,5,28,7,30,5,29,7,29,6,31,4,32,3,28,5,0,3,093
419,MEADE,FAITH #31,170,56,1,162,49,185,26,173,34,174,30,179,30,182,29,189,26,2,4,093
420,MEADE,HARMONY #8,177,109,11,187,103,209,73,202,75,211,69,209,68,207,74,206,75,7,7,093
421,MEADE,HEREFORD #20,22,27,2,33,14,40,6,37,9,38,9,35,13,40,8,38,13,0,0,093
422,MEADE,MARCUS #41,33,13,5,33,12,41,6,38,7,38,6,38,8,41,6,36,9,5,0,093
423,MEADE,NORTHEAST STURGIS #1A,52,53,7,49,59,57,48,58,45,56,44,62,43,59,46,54,47,5,4,093
424,MEADE,NORTHWEST STURGIS #5,245,145,16,247,137,270,116,256,120,256,122,263,117,274,114,259,111,12,18,093
425,MEADE,PIEDMONT #11,428,231,13,438,211,472,175,451,181,446,185,452,180,453,179,475,169,11,14,093
426,MEADE,PINE #33,46,17,9,61,7,63,7,58,8,55,9,57,9,62,7,57,8,5,2,093
427,MEADE,RED OWL #30,67,10,0,59,9,65,5,56,7,60,6,66,3,68,3,70,3,0,0,093
428,MEADE,RURAL BLACK HAWK #15,215,122,7,222,108,248,85,236,87,235,87,244,85,247,85,245,85,5,11,093
429,MEADE,RURAL STURGIS #7,179,122,5,194,102,223,71,215,76,227,66,221,69,224,72,223,74,4,5,093
430,MEADE,SOUTH STURGIS #2A,166,135,7,177,117,206,90,195,94,204,84,204,88,205,86,197,96,7,6,093
431,MEADE,SOUTHEAST PIEDMONT #13,601,291,29,635,258,682,208,672,201,672,202,670,202,660,214,655,211,20,29,093
432,MEADE,SOUTHEAST STURGIS #2,229,187,11,249,167,282,122,275,114,279,115,284,110,291,112,284,121,7,12,093
433,MEADE,SOUTHWEST STURGIS #4A,134,103,7,152,84,166,69,160,71,160,66,164,64,177,60,171,60,4,6,093
434,MEADE,STURGIS #5A,81,74,3,90,64,114,39,97,49,103,48,95,50,102,45,109,41,1,7,093
435,MEADE,SULPHUR #35,35,8,2,39,4,41,2,40,3,39,4,39,4,41,4,41,0,1,1,093
436,MEADE,SUMMERSET #10,562,292,14,556,285,608,217,595,218,592,214,592,214,589,214,605,219,17,20,093
437,MEADE,TILFORD #6,406,229,18,431,191,470,157,442,160,459,147,450,155,464,151,459,165,4,17,093
438,MEADE,UNION #40,24,11,0,21,11,24,9,17,13,21,10,23,9,25,10,25,8,1,1,093
439,MEADE,VIEWFIELD #17,66,18,1,62,18,70,12,65,14,69,9,71,11,70,13,67,16,0,2,093
440,MEADE,WEST BLACK HAWK #16,193,125,4,205,114,216,102,210,98,211,98,209,99,215,96,209,101,7,8,093
441,MEADE,WEST ELK VALE #24,130,44,2,131,38,135,32,137,30,135,31,138,27,141,27,128,34,4,3,093
442,MEADE,WEST STURGIS #4,67,53,4,73,49,82,39,79,38,80,36,82,35,82,34,83,33,6,3,093
443,MEADE,WHITE OWL #25,27,8,1,21,9,31,5,24,5,25,4,27,3,30,2,31,3,1,0,093
444,MELLETTE,Precinct-2,86,113,5,96,101,108,89,97,93,101,85,94,102,101,87,104,85,8,5,095
445,MELLETTE,Precinct-3,83,57,2,87,51,98,40,96,39,94,42,90,45,82,49,90,46,5,1,095
446,MELLETTE,Precinct-5,66,134,7,86,109,92,103,88,101,87,102,83,114,85,106,78,108,5,6,095
447,MELLETTE,Precinct-6,64,91,3,77,72,85,70,80,69,83,70,76,75,83,63,86,64,4,4,095
448,MINER,Precinct-1,63,73,2,61,69,76,53,72,53,72,55,76,49,67,52,69,62,4,2,097
449,MINER,Precinct-2,47,80,0,55,64,69,46,59,52,66,48,75,43,63,48,70,53,1,2,097
450,MINER,Precinct-3,50,62,0,52,49,64,37,59,34,64,33,69,34,61,32,60,46,0,5,097
451,MINER,Precinct-4,63,81,3,69,61,78,47,66,47,68,43,86,39,67,46,84,55,1,6,097
452,MINER,Precinct-5,42,39,0,41,36,56,20,42,28,53,19,56,17,50,21,45,30,1,7,097
453,MINER,Precinct-6,103,84,1,106,69,120,52,109,53,123,47,120,49,109,55,126,55,3,2,097
454,MINER,Precinct-7,85,113,2,109,75,124,51,106,60,111,59,131,47,104,66,113,78,1,6,097
455,MINER,Precinct-8,70,38,4,76,34,77,32,74,27,83,24,78,28,73,29,75,34,2,1,097
456,MINNEHAHA,Precinct-0103,400,501,5,405,469,483,395,442,401,455,400,484,364,433,400,434,441,14,13,099
457,MINNEHAHA,Precinct-0104 (Precinct-0105),527,714,23,566,645,619,584,577,585,609,568,612,547,566,574,621,590,20,25,099
458,MINNEHAHA,Precinct-0106,502,603,15,509,568,596,473,527,496,558,486,594,449,523,496,552,511,20,28,099
459,MINNEHAHA,Precinct-0109,490,591,15,508,541,607,438,527,472,546,474,626,395,524,444,590,455,19,22,099
460,MINNEHAHA,Precinct-0110,496,626,18,523,555,609,469,554,475,581,465,622,435,546,468,576,488,32,30,099
461,MINNEHAHA,Precinct-0117,508,594,11,555,500,618,433,569,430,597,423,655,357,551,423,630,435,17,21,099
462,MINNEHAHA,Precinct-0201,532,622,5,520,602,658,456,578,478,616,472,677,408,585,466,637,490,8,19,099
463,MINNEHAHA,Precinct-0202,686,772,5,635,767,887,502,787,546,829,524,896,472,783,529,815,614,12,8,099
464,MINNEHAHA,Precinct-0203,484,639,12,485,600,619,456,559,475,582,465,622,431,549,467,568,518,22,11,099
465,MINNEHAHA,Precinct-0206,543,661,16,537,610,675,474,600,472,637,457,700,397,584,463,637,531,24,13,099
466,MINNEHAHA,Precinct-0207,989,890,18,973,827,1170,608,1075,637,1137,606,1164,577,1057,631,1111,708,23,30,099
467,MINNEHAHA,Precinct-0208,622,617,6,615,563,777,414,681,423,724,414,788,354,665,416,754,455,13,10,099
468,MINNEHAHA,Precinct-0209,447,601,8,461,550,576,425,526,445,553,430,599,386,517,445,536,495,8,10,099
469,MINNEHAHA,Precinct-0214,1085,1241,12,1082,1145,1386,829,1245,876,1317,839,1406,761,1215,872,1341,933,25,20,099
470,MINNEHAHA,Precinct-0305,271,444,15,298,402,325,370,296,380,314,371,328,346,286,381,291,378,18,29,099
471,MINNEHAHA,Precinct-0306,275,525,19,297,487,343,443,318,443,331,436,351,407,305,436,319,450,23,18,099
472,MINNEHAHA,Precinct-0309,599,858,26,650,778,690,722,667,714,681,712,729,656,645,704,711,690,37,37,099
473,MINNEHAHA,Precinct-0310,720,693,16,717,633,884,462,792,507,800,526,942,405,801,482,863,506,16,22,099
474,MINNEHAHA,Precinct-0311,457,444,4,431,434,545,309,503,317,500,340,581,263,491,312,535,336,12,15,099
475,MINNEHAHA,Precinct-0312,514,535,19,527,493,621,391,573,403,598,392,627,373,574,403,608,394,23,32,099
476,MINNEHAHA,Precinct-0313,359,349,7,359,325,428,249,377,276,398,282,450,229,390,254,410,278,11,12,099
477,MINNEHAHA,Precinct-0314,612,760,24,625,702,758,574,716,559,740,549,764,524,681,588,729,596,28,29,099
478,MINNEHAHA,Precinct-0315,514,609,15,494,580,645,431,558,469,566,492,683,379,560,450,594,476,27,20,099
479,MINNEHAHA,Precinct-0316,744,638,11,722,581,873,406,790,429,811,450,899,374,782,429,867,462,22,19,099
480,MINNEHAHA,Precinct-0317,786,809,12,775,727,964,531,889,541,904,555,994,477,864,547,939,616,25,17,099
481,MINNEHAHA,Precinct-0401 (Precinct-0414),309,586,22,317,552,365,509,342,501,356,495,367,473,337,499,358,491,28,29,099
482,MINNEHAHA,Precinct-0402,234,418,11,244,389,284,349,266,350,295,331,300,318,262,337,285,347,20,12,099
483,MINNEHAHA,Precinct-0403,148,262,6,155,241,187,215,171,218,170,222,193,202,164,217,168,222,9,14,099
484,MINNEHAHA,Precinct-0404,226,405,17,247,361,290,324,258,338,261,337,308,300,258,334,277,321,19,20,099
485,MINNEHAHA,Precinct-0405,357,479,14,357,442,413,395,376,403,391,400,408,377,357,414,396,403,21,22,099
486,MINNEHAHA,Precinct-0406,112,189,5,117,176,131,165,125,160,131,158,137,152,124,164,123,161,8,11,099
487,MINNEHAHA,Precinct-0407 (Precinct-0408),683,920,21,688,863,866,696,770,721,836,682,864,656,773,712,819,729,26,31,099
488,MINNEHAHA,Precinct-0409,248,468,17,276,411,317,367,288,372,309,358,347,328,286,366,314,359,19,27,099
489,MINNEHAHA,Precinct-0410,370,415,12,362,383,435,313,402,320,433,296,445,290,390,330,416,333,24,19,099
490,MINNEHAHA,Precinct-0411,747,711,15,769,610,903,479,811,497,882,447,897,438,810,494,888,516,20,36,099
491,MINNEHAHA,Precinct-0412,457,577,10,457,539,547,447,480,471,525,430,553,408,465,458,521,486,11,22,099
492,MINNEHAHA,Precinct-0413,237,436,10,250,398,311,341,259,362,287,341,330,304,263,347,298,355,13,15,099
493,MINNEHAHA,Precinct-0501 (Precinct-0502),301,782,17,313,748,388,666,355,664,373,657,406,619,339,661,360,672,28,27,099
494,MINNEHAHA,Precinct-0503,128,220,10,126,217,151,187,145,175,136,194,152,172,142,182,154,178,17,6,099
495,MINNEHAHA,Precinct-0504,233,590,6,239,541,314,467,268,472,288,465,306,450,257,486,287,510,10,19,099
496,MINNEHAHA,Precinct-0506,345,588,11,371,529,460,448,406,462,434,447,458,418,389,470,434,457,21,24,099
497,MINNEHAHA,Precinct-0507,210,374,4,208,358,287,281,253,287,268,278,297,249,240,289,261,305,10,8,099
498,MINNEHAHA,Precinct-0508,276,633,7,293,584,401,466,361,460,377,465,413,432,340,469,372,519,8,12,099
499,MINNEHAHA,Precinct-0509,133,289,10,156,246,180,226,166,223,179,215,181,207,160,218,180,222,11,14,099
500,MINNEHAHA,Precinct-0510,210,372,11,226,332,274,276,239,294,260,278,283,259,233,289,250,314,11,14,099
501,MINNEHAHA,Precinct-0511,260,364,13,288,314,331,269,295,279,312,277,328,247,296,266,312,281,21,15,099
502,MINNEHAHA,Precinct-0512,256,411,7,266,372,336,289,302,294,311,290,333,283,288,298,316,325,15,12,099
503,MINNEHAHA,Precinct-0513,257,388,6,242,372,331,281,283,293,296,293,328,265,274,293,308,315,12,6,099
504,MINNEHAHA,Precinct-0514,280,487,17,286,458,346,407,309,409,333,397,363,366,303,410,326,406,22,13,099
505,MINNEHAHA,Precinct-0517,249,305,6,229,306,301,239,262,252,282,246,315,216,259,253,281,251,10,16,099
506,MINNEHAHA,Precinct-0518,310,605,13,320,557,394,483,343,506,358,502,383,475,339,500,362,507,22,28,099
507,MINNEHAHA,Precinct-0519,243,304,6,240,290,295,233,271,231,287,218,305,207,256,243,279,245,12,10,099
508,MINNEHAHA,Precinct-0520,348,512,16,372,460,404,413,395,404,402,407,439,372,382,404,407,417,20,25,099
509,MINNEHAHA,Precinct-0521,176,246,4,162,242,234,172,211,174,212,177,230,167,197,179,216,199,8,1,099
510,MINNEHAHA,Precinct-VP01,398,237,15,396,220,459,159,402,180,434,162,445,151,389,193,429,184,15,18,099
511,MINNEHAHA,Precinct-VP02,1060,700,16,1080,626,1285,434,1176,461,1242,429,1244,430,1144,468,1211,522,20,22,099
512,MINNEHAHA,Precinct-VP03,1184,775,18,1149,743,1349,553,1222,604,1290,560,1331,518,1216,587,1289,618,34,22,099
513,MINNEHAHA,Precinct-VP04,570,472,17,593,416,688,317,609,349,659,326,697,294,603,342,659,344,18,28,099
514,MINNEHAHA,Precinct-VP05,698,554,12,731,469,870,332,782,361,828,338,845,325,746,395,839,379,22,12,099
515,MINNEHAHA,Precinct-VP06,276,197,3,267,183,313,143,282,157,289,155,323,128,283,152,301,152,4,9,099
516,MINNEHAHA,Precinct-VP07,776,739,20,817,616,980,453,881,481,928,464,995,420,873,485,984,488,15,38,099
517,MINNEHAHA,Precinct-VP08,360,282,8,381,228,427,180,367,205,394,185,445,160,364,199,399,219,8,16,099
518,MINNEHAHA,Precinct-VP09,595,500,19,603,446,702,335,626,361,684,311,744,286,629,339,686,370,16,28,099
519,MINNEHAHA,Precinct-VP10,541,504,9,555,451,665,335,585,366,625,348,707,275,575,363,648,360,16,22,099
520,MINNEHAHA,Precinct-VP11,454,343,10,465,297,534,223,486,229,510,221,584,179,485,226,528,238,15,11,099
521,MINNEHAHA,Precinct-VP12,82,46,0,75,43,100,20,87,29,88,30,109,18,86,32,100,23,1,1,099
522,MINNEHAHA,Precinct-VP13,451,337,16,474,281,537,221,467,245,498,227,571,181,470,222,524,235,15,20,099
523,MINNEHAHA,Precinct-VP15,728,650,17,750,567,859,459,775,475,837,433,867,414,767,476,853,491,18,15,099
524,MINNEHAHA,Precinct-VP16,527,438,14,536,375,644,252,573,283,596,273,644,242,570,273,597,326,13,22,099
525,MINNEHAHA,Precinct-VP17,366,246,2,358,220,428,152,398,158,411,147,440,138,395,158,400,192,5,13,099
526,MINNEHAHA,Precinct-VP21,578,475,9,594,408,696,308,626,316,657,302,770,228,620,301,685,315,15,24,099
527,MOODY,Precinct-1,165,344,11,179,323,218,277,196,286,210,268,217,264,202,277,217,268,8,17,101
528,MOODY,Precinct-2,162,341,3,183,300,212,268,191,279,206,265,218,255,192,275,207,277,7,10,101
529,MOODY,Precinct-3,276,225,13,303,192,340,151,292,177,320,150,352,131,297,158,348,143,6,16,101
530,MOODY,Precinct-34,174,149,3,162,152,220,96,179,121,201,106,214,94,193,112,203,116,4,3,101
531,MOODY,Precinct-4,194,154,4,194,139,228,99,209,112,212,110,235,95,209,114,221,113,5,9,101
532,MOODY,Precinct-5,369,256,10,377,220,415,176,381,188,403,170,435,160,392,183,426,173,11,17,101
533,SHANNON,Batesland,37,120,1,40,114,37,118,35,120,36,118,40,115,36,120,36,113,3,3,113
534,SHANNON,Cuny Table,17,47,0,20,44,19,46,21,40,22,39,21,41,19,45,23,39,0,2,113
535,SHANNON,Kyle,31,486,11,32,481,44,464,35,461,41,464,39,465,41,463,63,427,13,13,113
536,SHANNON,Manderson,11,156,2,12,148,12,150,12,149,9,149,14,150,11,152,18,132,1,13,113
537,SHANNON,Oglala,34,383,5,36,377,33,384,31,377,33,369,39,371,34,374,51,336,7,17,113
538,SHANNON,Pine Ridge 1,22,605,10,29,591,33,587,30,580,30,584,30,581,28,579,46,539,7,23,113
539,SHANNON,Pine Ridge 3,33,443,4,31,443,42,433,40,435,34,440,38,437,32,445,48,411,8,10,113
540,SHANNON,Porcupine,17,437,8,23,429,32,418,25,420,24,419,23,418,30,414,34,389,6,17,113
541,SHANNON,Rockyford,12,101,3,16,99,24,92,18,97,18,96,22,91,19,96,17,87,3,6,113
542,PENNINGTON,Precinct 1-1,749,554,23,771,495,855,414,839,402,848,387,839,388,815,405,819,424,35,36,103
543,PENNINGTON,Precinct 1-2,874,802,27,901,722,997,625,978,611,992,604,978,592,939,619,1007,606,28,51,103
544,PENNINGTON,Precinct 1-3,1283,970,30,1276,905,1460,704,1402,722,1429,697,1418,680,1393,696,1450,736,30,30,103
545,PENNINGTON,Precinct 1-4,476,381,17,499,334,552,270,536,262,556,252,548,252,535,259,558,284,9,18,103
546,PENNINGTON,Precinct 2-1,47,49,3,49,43,47,42,48,44,48,42,49,42,46,43,44,40,6,5,103
547,PENNINGTON,Precinct 2-2,26,26,2,26,24,25,27,26,23,27,23,27,25,29,22,26,24,1,3,103
548,PENNINGTON,Precinct 2-3,641,543,30,658,505,716,452,685,448,697,439,704,429,688,434,713,420,25,45,103
549,PENNINGTON,Precinct 2-4,785,1055,49,854,957,918,893,913,863,921,859,919,848,880,879,922,837,53,67,103
550,PENNINGTON,Precinct 2-5,67,103,7,71,99,80,89,75,89,76,91,76,87,77,88,74,82,7,12,103
551,PENNINGTON,Precinct 3-1,299,300,15,321,263,353,223,340,217,348,219,354,203,344,205,367,218,12,15,103
552,PENNINGTON,Precinct 3-2,1690,1087,34,1708,1012,1944,751,1895,734,1907,720,1892,713,1835,739,1911,809,29,51,103
553,PENNINGTON,Precinct 3-3,475,378,9,485,358,554,282,533,280,537,275,540,272,511,291,530,303,11,14,103
554,PENNINGTON,Precinct 3-4,1285,1292,28,1326,1197,1537,975,1498,934,1502,937,1478,945,1445,967,1495,995,29,68,103
555,PENNINGTON,Precinct 3-5,179,136,1,175,128,206,96,201,92,197,95,196,88,194,95,199,111,1,1,103
556,PENNINGTON,Precinct 4-1,185,192,13,200,175,214,165,207,155,210,158,205,156,195,169,195,154,15,23,103
557,PENNINGTON,Precinct 4-2,489,498,24,489,483,541,428,529,427,525,427,533,416,512,438,531,409,26,33,103
558,PENNINGTON,Precinct 4-3,389,385,7,394,363,438,321,426,313,427,314,438,303,429,307,440,302,5,22,103
559,PENNINGTON,Precinct 4-4,340,495,28,358,470,402,435,390,426,389,431,377,437,370,443,386,404,22,38,103
560,PENNINGTON,Precinct 4-5,369,335,8,390,304,428,258,411,257,414,248,425,240,403,253,408,258,14,25,103
561,PENNINGTON,Precinct 5-1,208,231,8,206,226,238,195,241,182,239,183,255,177,240,182,246,183,11,9,103
562,PENNINGTON,Precinct 5-2,738,780,28,768,717,840,631,815,628,826,617,820,622,808,623,813,631,33,53,103
563,PENNINGTON,Precinct 5-3,985,904,26,1034,808,1153,691,1107,669,1122,660,1119,658,1100,666,1115,717,22,49,103
564,PENNINGTON,Precinct 5-4,519,904,13,537,853,653,734,628,718,643,704,628,715,601,734,632,736,27,31,103
565,PENNINGTON,Precinct 5-5,189,166,3,194,156,218,131,215,125,211,128,216,122,218,116,214,139,3,4,103
566,PENNINGTON,Precinct AW,1253,744,25,1250,742,1266,723,1259,705,1257,705,1237,682,1229,693,1243,729,29,21,103
567,PENNINGTON,Precinct BE,663,388,24,666,362,715,319,678,313,680,314,688,309,670,324,700,298,26,37,103
568,PENNINGTON,Precinct CA,368,136,10,379,112,406,85,385,92,397,84,393,87,407,77,400,79,9,18,103
569,PENNINGTON,Precinct CL,239,181,7,243,170,278,134,271,127,259,138,273,131,266,132,276,128,9,9,103
570,PENNINGTON,Precinct CR,37,12,2,37,9,44,5,40,7,41,5,40,7,39,9,42,4,2,2,103
571,PENNINGTON,Precinct DT,577,301,17,597,276,649,223,640,218,644,214,633,217,630,220,635,222,16,17,103
572,PENNINGTON,Precinct EL,227,167,7,238,146,248,137,240,138,244,136,243,135,239,135,239,145,5,11,103
573,PENNINGTON,Precinct HC,689,386,30,707,364,748,326,729,323,728,320,730,310,723,317,706,326,35,26,103
574,PENNINGTON,Precinct HR,1069,466,25,1088,435,1176,347,1162,334,1166,328,1161,330,1150,333,1152,340,28,32,103
575,PENNINGTON,Precinct JS,743,433,22,765,411,836,343,820,327,814,340,806,335,790,342,812,347,12,27,103
576,PENNINGTON,Precinct KY,304,179,11,313,163,329,146,315,145,320,146,321,139,316,142,318,149,9,13,103
577,PENNINGTON,Precinct NH,128,92,4,131,87,148,72,146,66,142,73,142,69,144,72,146,63,3,11,103
578,PENNINGTON,Precinct NU,356,141,5,359,127,380,101,369,104,375,97,382,89,379,96,388,97,3,10,103
579,PENNINGTON,Precinct QU,169,31,3,161,35,177,17,168,20,175,16,171,22,167,24,172,22,0,7,103
580,PENNINGTON,Precinct RV,490,371,18,519,322,559,285,537,284,542,278,547,276,526,290,550,271,16,31,103
581,PENNINGTON,Precinct VF,793,527,40,852,452,913,398,874,397,897,381,894,380,877,397,873,387,32,54,103
582,PENNINGTON,Precinct VV,539,339,24,555,312,576,292,564,278,573,279,577,266,562,284,578,262,23,28,103
583,PENNINGTON,Precinct WL,243,96,13,227,107,269,69,262,68,262,60,259,67,263,62,272,63,3,10,103
584,PENNINGTON,Precinct WP,718,413,15,716,399,803,313,771,315,782,306,782,305,764,320,776,331,11,22,103
585,PENNINGTON,Precinct WS,52,19,3,66,7,65,8,62,9,65,8,61,9,64,8,60,7,3,4,103
586,PERKINS,Precinct-01,141,70,3,115,86,141,61,135,61,128,64,134,59,137,56,142,60,5,2,105
587,PERKINS,Precinct-02,59,26,2,65,17,67,13,65,14,64,15,62,15,67,16,67,16,2,1,105
588,PERKINS,Precinct-03,192,60,4,172,71,195,46,195,45,195,42,193,44,188,52,202,45,3,5,105
589,PERKINS,Precinct-04,39,12,1,35,17,39,8,40,8,39,7,38,7,41,7,36,11,0,4,105
590,PERKINS,Precinct-05,91,17,3,92,16,97,10,96,11,95,10,95,12,92,15,94,14,1,1,105
591,PERKINS,Precinct-06,69,35,0,77,25,87,14,79,17,82,16,77,20,80,17,88,15,1,0,105
592,PERKINS,Precinct-07,79,18,6,87,12,93,5,89,6,88,10,87,10,93,5,91,7,4,0,105
593,PERKINS,Precinct-08,38,14,1,39,9,49,2,40,6,43,3,42,4,47,2,48,3,1,0,105
594,PERKINS,Precinct-09,51,19,1,59,9,62,7,62,6,64,6,61,9,57,12,59,9,1,3,105
595,PERKINS,Precinct-12,194,97,2,204,76,227,51,209,61,219,53,214,53,219,57,237,44,3,8,105
596,POTTER,Absentee Precinct,147,99,2,143,80,178,57,159,55,166,56,163,53,160,51,160,74,6,3,107
597,POTTER,Gettysburg Legion Annex,453,216,10,476,174,570,84,523,104,544,94,524,99,528,97,532,135,4,7,107
598,POTTER,Hoven American Legion,221,58,3,201,73,244,27,229,37,235,35,222,40,219,46,231,39,3,2,107
599,ROBERTS,Precinct-01,71,71,1,73,64,87,46,74,53,82,45,77,51,74,50,94,47,2,0,109
600,ROBERTS,Precinct-02,255,156,4,260,142,284,120,270,123,270,120,277,117,272,121,278,121,8,8,109
601,ROBERTS,Precinct-03,88,97,5,75,91,86,80,73,79,73,81,85,75,77,80,104,75,2,2,109
602,ROBERTS,Precinct-04,25,46,1,35,34,35,33,27,41,32,32,31,34,30,35,35,36,0,0,109
603,ROBERTS,Precinct-05,118,250,1,111,245,124,229,115,236,124,220,123,225,117,230,141,219,0,5,109
604,ROBERTS,Precinct-06 (Precinct-07),294,226,5,277,214,319,170,291,175,304,166,280,185,288,178,312,188,7,12,109
605,ROBERTS,Precinct-08,30,68,1,38,56,46,48,41,48,42,47,47,45,43,49,58,36,2,3,109
606,ROBERTS,Precinct-09,211,211,6,224,175,261,130,224,151,247,137,228,139,233,140,235,161,3,11,109
607,ROBERTS,Precinct-10,63,160,1,68,150,73,144,67,145,68,143,66,146,71,137,78,142,0,3,109
608,ROBERTS,Precinct-11,291,419,9,290,397,330,354,296,367,323,341,297,361,295,359,334,353,4,13,109
609,ROBERTS,Precinct-12 (Precinct-14),101,188,3,105,175,127,150,113,152,122,148,110,153,111,156,125,152,3,10,109
610,ROBERTS,Precinct-13,96,170,3,101,162,107,150,98,156,104,149,106,150,101,154,121,134,3,4,109
611,SANBORN,Precinct-1,133,91,2,140,75,177,34,151,50,164,40,160,41,149,44,155,59,3,7,111
612,SANBORN,Precinct-2,172,129,6,173,120,213,74,198,81,203,76,205,77,194,73,192,95,4,13,111
613,SANBORN,Precinct-4,149,104,7,156,89,185,60,176,68,185,52,186,53,162,68,178,67,1,10,111
614,SANBORN,Precinct-5,139,95,1,137,89,163,65,163,61,159,65,165,56,144,68,153,71,3,6,111
615,SPINK,Precinct-01,238,151,3,254,132,287,91,262,110,285,93,269,104,263,104,277,102,2,8,115
616,SPINK,Precinct-03,165,142,3,180,126,221,84,213,88,209,92,212,86,189,107,199,102,1,6,115
617,SPINK,Precinct-04,148,120,5,152,104,196,66,169,81,176,77,179,75,167,84,185,83,1,4,115
618,SPINK,Precinct-05,104,101,2,97,98,135,67,123,71,118,72,118,69,107,77,122,72,1,7,115
619,SPINK,Precinct-06,45,58,1,56,43,63,36,49,43,63,33,56,40,51,40,66,33,2,3,115
620,SPINK,Precinct-07,221,199,4,224,188,279,128,234,165,259,141,257,139,248,149,263,147,2,8,115
621,SPINK,Precinct-08,69,75,1,72,66,96,45,76,56,89,43,84,51,76,56,84,56,2,2,115
622,SPINK,Precinct-09,182,294,6,211,253,284,181,236,213,263,188,264,191,232,213,267,193,10,10,115
623,SPINK,Precinct-10,204,254,12,230,214,283,166,253,180,274,169,266,175,244,188,273,170,5,12,115
624,STANLEY,Precinct-01,650,655,20,544,769,989,311,890,348,963,317,902,342,894,341,911,352,15,41,117
625,STANLEY,Precinct-02,48,18,1,45,19,60,5,56,7,57,7,49,14,52,9,51,10,0,4,117
626,STANLEY,Precinct-03,64,31,0,39,50,77,13,72,18,74,13,76,14,68,19,80,15,0,0,117
627,SULLY,Absentee Precinct,91,52,3,88,56,114,29,103,36,111,32,106,33,102,34,107,35,0,2,119
628,SULLY,Agar Fire Hall,62,32,0,66,27,77,15,68,20,72,16,68,19,67,20,70,22,0,0,119
629,SULLY,Bill Floyd Shop,76,43,0,81,39,102,17,92,25,99,21,98,21,95,21,97,23,0,0,119
630,SULLY,Phoenix Center,271,169,13,269,175,363,80,327,94,364,70,367,35,331,91,339,102,4,8,119
631,TODD,Bordeaux,9,54,0,10,53,11,50,14,44,10,48,8,54,10,48,14,43,0,1,121
632,TODD,Jeanette,55,21,4,57,18,68,10,54,15,58,12,61,16,62,12,59,14,2,4,121
633,TODD,Lakeview,78,28,2,73,28,82,20,75,22,79,17,78,23,79,22,81,20,1,5,121
634,TODD,Mission-N. Antelope,71,479,2,101,432,103,439,99,429,93,437,82,456,94,428,109,411,7,13,121
635,TODD,OKreek,36,73,1,33,72,39,71,37,68,36,69,38,72,36,69,42,65,2,0,121
636,TODD,Parmelee,21,251,3,27,236,33,235,27,236,29,234,26,240,29,235,35,222,6,6,121
637,TODD,Rosebud,41,414,1,52,381,49,396,46,385,52,379,40,407,46,383,56,375,4,12,121
638,TODD,S. Antelope,38,224,5,57,202,52,209,55,199,57,198,58,204,56,198,56,194,3,13,121
639,TODD,Saint Francis,41,287,2,52,257,51,270,49,266,45,266,42,279,48,267,54,254,5,7,121
640,TRIPP,Clearfield Consolidated,82,49,7,88,44,98,36,95,35,98,32,95,37,96,33,98,35,0,1,123
641,TRIPP,Colome Consolidated,212,141,3,238,98,274,64,242,78,262,62,249,75,243,75,253,83,6,5,123
642,TRIPP,Hamill Consolidated,58,25,1,61,20,69,12,69,12,72,9,66,13,70,10,67,11,0,4,123
643,TRIPP,Ideal Consolidated,46,24,1,50,18,60,10,56,12,59,10,59,11,53,14,55,12,2,2,123
644,TRIPP,Lake Consolidated,87,59,0,103,39,116,25,112,26,114,24,108,29,109,28,117,25,2,1,123
645,TRIPP,Lamro Consolidated,196,123,5,215,100,252,68,221,83,240,69,235,78,227,79,234,72,2,9,123
646,TRIPP,Sully Consolidated,53,52,1,64,39,77,25,65,27,70,26,78,22,68,25,72,29,2,1,123
647,TRIPP,WINNER Consolidated SE 1ST,85,57,2,86,50,105,27,97,34,103,29,101,30,95,31,104,30,2,3,123
648,TRIPP,WINNER Consolidated-E 2ND,130,96,4,140,84,171,50,165,52,169,48,172,48,162,55,172,48,1,4,123
649,TRIPP,WINNER Consolidated-E 3RD,153,119,4,180,90,210,55,196,62,202,59,200,61,192,62,206,59,1,5,123
650,TRIPP,WINNER Consolidated-W 2ND,171,149,4,203,109,232,74,217,81,221,80,214,86,212,79,232,82,3,3,123
651,TRIPP,WINNER Consolidated-W 3RD,98,88,3,112,72,125,57,119,57,126,52,118,61,119,56,131,46,3,5,123
652,TRIPP,Witten Consolidated,59,41,1,64,35,71,28,66,31,70,30,65,31,68,29,73,24,0,5,123
653,TURNER,Precinct-01,471,280,11,483,240,548,172,502,184,510,178,555,156,491,200,451,284,11,16,125
654,TURNER,Precinct-02,481,354,11,518,293,606,208,540,241,569,218,640,183,538,242,539,277,10,20,125
655,TURNER,Precinct-03,182,101,2,182,86,204,68,185,71,191,68,206,65,173,81,192,88,1,5,125
656,TURNER,Precinct-04,198,102,2,179,104,211,74,197,75,198,72,201,69,192,73,199,96,3,2,125
657,TURNER,Precinct-05,290,226,6,309,181,356,134,314,152,332,136,380,112,331,144,340,164,7,8,125
658,TURNER,Precinct-06,251,198,1,271,157,321,109,284,122,295,117,332,91,274,137,288,145,5,4,125
659,TURNER,Precinct-07,75,97,0,81,82,98,63,92,65,96,60,103,54,84,76,94,70,1,4,125
660,TURNER,Precinct-08,324,198,6,325,182,386,118,336,148,367,124,375,116,331,167,364,138,9,11,125
661,UNION,Precinct-01,188,105,2,192,93,203,83,194,86,196,83,198,79,200,83,194,97,0,4,127
662,UNION,Precinct-02,174,172,4,189,149,211,124,203,128,193,134,207,126,195,142,196,147,3,5,127
663,UNION,Precinct-03,320,285,18,358,238,374,231,353,238,369,226,372,219,350,239,364,215,17,14,127
664,UNION,Precinct-04,165,137,3,170,126,193,103,183,108,183,108,184,102,197,96,178,116,6,6,127
665,UNION,Precinct-05,232,207,5,244,185,271,150,258,155,258,158,273,143,283,139,247,178,8,5,127
666,UNION,Precinct-06,281,292,4,288,261,369,178,342,193,359,177,379,148,377,172,308,252,4,6,127
667,UNION,Precinct-07,339,126,1,337,120,342,119,334,117,336,114,339,113,330,118,342,115,2,4,127
668,UNION,Precinct-08,227,163,2,230,142,261,108,248,114,247,114,261,99,248,111,257,119,5,2,127
669,UNION,Precinct-09,201,153,3,189,155,212,132,206,133,205,131,207,134,200,138,208,132,4,9,127
670,UNION,Precinct-10,285,202,3,270,199,292,181,281,183,279,185,286,175,272,190,289,174,6,11,127
671,UNION,Precinct-11,324,202,5,330,185,335,179,333,175,335,178,345,161,329,176,342,161,8,12,127
672,UNION,Precinct-12,536,192,11,545,180,567,165,560,164,549,166,555,159,550,172,549,166,10,10,127
673,UNION,Precinct-13,796,308,12,802,293,814,287,816,272,805,281,802,274,799,284,808,280,13,11,127
674,WALWORTH,Precinct-01,101,32,1,100,35,123,13,113,19,108,24,108,23,111,21,111,20,0,5,129
675,WALWORTH,Precinct-02,94,55,5,97,53,133,15,120,27,118,28,119,22,120,23,114,35,3,3,129
676,WALWORTH,Precinct-03,276,113,8,280,103,337,47,308,58,306,63,313,50,306,62,322,64,6,2,129
677,WALWORTH,Precinct-04,84,53,7,96,44,103,33,92,38,97,39,91,38,91,38,91,44,4,1,129
678,WALWORTH,Precinct-05,175,125,3,155,139,200,93,196,94,186,101,192,97,186,100,194,96,3,7,129
679,WALWORTH,Precinct-06,274,161,7,243,183,317,110,305,117,293,120,309,111,305,113,308,116,7,11,129
680,WALWORTH,Precinct-07,257,140,3,217,176,303,88,286,95,291,90,290,92,277,99,284,105,3,5,129
681,WALWORTH,Precinct-08,61,17,3,55,22,65,12,59,14,62,12,62,14,56,16,61,15,2,1,129
682,WALWORTH,Precinct-09,44,23,1,48,19,51,10,49,12,51,12,52,10,48,13,51,14,0,1,129
683,WALWORTH,Precinct-10,102,33,1,89,45,120,14,110,18,113,17,110,19,109,18,112,19,0,4,129
684,YANKTON,Absentee Precinct,1805,2175,46,2160,1724,2265,1547,2077,1595,2132,1590,2149,1534,2045,1618,2182,1658,50,81,135
685,YANKTON,Gayville Community Center,143,177,6,171,136,204,98,171,109,178,109,196,84,173,111,189,121,2,4,135
686,YANKTON,JoDean's Steakhouse and Lounge,876,870,31,1033,651,1110,531,1019,536,1047,535,1085,485,994,563,1138,559,16,43,135
687,YANKTON,Lesterville Fire Hall,113,121,5,147,70,158,52,133,57,136,59,145,52,133,62,160,65,3,5,135
688,YANKTON,Lewis and Clark Rec Area,244,184,2,266,154,291,124,276,126,288,119,282,115,272,128,300,121,2,7,135
689,YANKTON,Mayfield Store,129,122,2,129,100,145,73,123,81,135,82,151,62,133,80,143,98,2,5,135
690,YANKTON,National Field Archery Assoc.,256,288,10,313,211,340,175,295,196,309,184,339,157,290,192,338,180,11,14,135
691,YANKTON,Yankton City Hall,555,820,32,702,648,763,540,686,565,701,569,735,526,655,593,741,581,17,46,135
692,ZIEBACH,Precinct-1 Bridger,5,31,2,7,30,10,27,8,30,8,30,8,29,8,28,8,27,0,2,137
693,ZIEBACH,Precinct-2 Cherry Creek,11,61,3,10,61,8,63,14,57,14,59,12,59,13,62,14,50,2,4,137
694,ZIEBACH,Precinct-3 Davis,45,184,0,49,172,72,145,62,152,66,150,68,148,63,150,65,145,6,5,137
695,ZIEBACH,Precinct-4 Glad Valley,27,34,0,33,28,49,12,41,17,43,15,46,15,40,17,47,12,1,1,137
696,ZIEBACH,"Precinct-5 North Dupree (Precinct-6 Redelm, Precinct-8 South Dupree)",144,210,3,155,194,183,153,172,162,183,153,183,146,178,145,187,145,4,13,137
697,ZIEBACH,Precinct-7 Red Scaffold,9,52,1,15,43,16,40,13,44,17,39,14,43,14,43,19,38,0,2,137
